id,name,county,state_code,state,type,latitude,longitude,area_code,population,households,median_income,land_area,water_area,time_zone,Sqft,Direct store operating costs,is_active
1,Birmingham,Shelby County/Jefferson County,AL,Alabama,City,33.52744,-86.79905,205,212461,89972,31061,378353942,6591013,America/Chicago,121932.67432889716,9602.198103400651,True
2,Huntsville,Limestone County/Madison County,AL,Alabama,City,34.69901,-86.67298,256,190582,78554,48775,552604579,3452021,America/Chicago,206713.52736817536,14243.853995213332,True
3,Mobile,Mobile County,AL,Alabama,City,30.69436,-88.04305,251,194288,76170,38776,361044263,105325210,America/Chicago,127809.87000565564,7381.019992826614,True
4,Montgomery,Montgomery County,AL,Alabama,City,32.36681,-86.29997,334,200602,79866,42927,413985435,4411954,America/Chicago,142941.84081217306,10915.55875292958,True
5,Little Rock,Pulaski County,AR,Arkansas,City,34.74648,-92.28959,501,197992,79902,46085,307398785,6758644,America/Chicago,155961.15122443667,11599.61062231748,True
6,Chandler,Maricopa County,AZ,Arizona,City,33.30616,-111.84125,480,260828,88973,72695,168153308,260378,America/Phoenix,229418.96285159024,15055.619437135612,True
7,Gilbert,Maricopa County,AZ,Arizona,Town,33.35283,-111.78903,480,247542,73617,82424,176124143,510475,America/Phoenix,75776.33553641177,5602.712808723446,True
8,Glendale,Maricopa County,AZ,Arizona,City,33.53865,-112.18599,623,240126,79152,46776,153029354,1003996,America/Phoenix,233170.807289332,13261.58966458076,True
9,Mesa,Maricopa County,AZ,Arizona,City,33.42227,-111.82264,480,471825,168914,48809,357097953,1950781,America/Phoenix,168897.40809500075,11822.818566650054,True
10,Peoria,Maricopa County/Yavapai County,AZ,Arizona,City,33.7862,-112.30801,928,171237,58588,65314,455011748,8864869,America/Phoenix,128252.46747434566,11018.052887568783,True
11,Phoenix,Maricopa County,AZ,Arizona,City,33.44838,-112.07404,602,1563025,525610,47326,1340692038,3247104,America/Phoenix,452318.94744234026,15391.4086282463,True
12,Scottsdale,Maricopa County,AZ,Arizona,City,33.50921,-111.89903,480,236839,102424,73288,476410748,1220280,America/Phoenix,184299.41952225735,8063.099604098761,True
13,Surprise,Maricopa County,AZ,Arizona,City,33.63059,-112.33322,623,128422,45054,59916,279333692,295024,America/Phoenix,116987.47513546572,6653.662648329615,True
14,Tempe,Maricopa County,AZ,Arizona,City,33.41477,-111.90931,480,175826,64810,49012,103510700,674096,America/Phoenix,157021.1191748969,5231.520941740558,True
15,Tucson,Pima County,AZ,Arizona,City,32.22174,-110.92648,520,531641,206342,37149,597790363,819492,America/Phoenix,217383.675362705,7925.446497598622,True
16,Anaheim,Orange County,CA,California,City,33.83529,-117.9145,657,350742,99670,60752,129438076,2457142,America/Los Angeles,238718.72731723607,28407.528550751093,True
17,Antioch,Contra Costa County,CA,California,City,38.00492,-121.80579,925,110542,33718,64329,76173197,1842711,America/Los Angeles,86483.67784056817,13936.484335349887,True
18,Bakersfield,Kern County,CA,California,City,35.37329,-119.01871,661,373640,112439,57095,385366784,3809676,America/Los Angeles,146474.13761857976,19827.10545339501,True
19,Berkeley,Alameda County,CA,California,City,37.87159,-122.27275,510,120972,45917,66237,27106077,18715614,America/Los Angeles,139179.12054830213,17597.460054325955,True
20,Burbank,Los Angeles County,CA,California,City,34.18084,-118.30897,818,105319,41361,66076,44947219,94286,America/Los Angeles,103215.9630980342,17272.546324686657,True
21,Carlsbad,San Diego County,CA,California,City,33.15809,-117.35059,760,113453,42791,90597,97713477,3595655,America/Los Angeles,104451.18254269536,18178.422681774347,True
22,Chula Vista,San Diego County,CA,California,City,32.64,-117.08417,619,265757,78066,65185,128544440,6380135,America/Los Angeles,154697.36961109846,10355.055178342904,True
23,Clovis,Fresno County,CA,California,City,36.82523,-119.70292,559,104180,34512,62666,62693928,0,America/Los Angeles,164694.2643849624,6484.836660157895,True
24,Concord,Contra Costa County,CA,California,City,37.97798,-122.03107,925,128667,45409,68318,79108534,0,America/Los Angeles,159967.20104903186,8724.877757215947,True
25,Corona,Riverside County,CA,California,City,33.87529,-117.56644,951,164226,48156,74149,102233537,211897,America/Los Angeles,130631.79567699242,20726.911580749464,True
26,Costa Mesa,Orange County,CA,California,City,33.64113,-117.91867,949,113204,40908,66459,40723584,211253,America/Los Angeles,174792.10662781377,23400.29327479857,True
27,Daly City,San Mateo County,CA,California,City,37.70583,-122.46194,650,106562,31137,74449,19788422,0,America/Los Angeles,93451.62917891344,15360.527473601527,True
28,Downey,Los Angeles County,CA,California,City,33.94001,-118.13257,562,114219,32738,62897,32136795,414376,America/Los Angeles,133148.50511096334,14429.969241400651,True
29,East Los Angeles,Los Angeles County,CA,California,CDP,34.0239,-118.17202,323,127610,31400,38766,19298247,11013,America/Los Angeles,121845.28771712232,10038.177165002924,True
30,El Cajon,San Diego County,CA,California,City,32.79477,-116.96253,619,103679,32564,45925,37516310,0,America/Los Angeles,142393.27502649673,16944.799728153113,True
31,Elk Grove,Sacramento County,CA,California,City,38.4088,-121.37162,916,166913,49316,79487,109287233,120267,America/Los Angeles,131724.6338601641,24982.400090541745,True
32,El Monte,Los Angeles County,CA,California,City,34.06862,-118.02757,626,116732,30752,38085,24766390,221652,America/Los Angeles,158177.4639147849,18823.1182058594,True
33,Escondido,San Diego County,CA,California,City,33.11921,-117.08642,760,151451,45041,50899,96015101,455887,America/Los Angeles,170146.4137763406,10281.89461374996,True
34,Fairfield,Solano County,CA,California,City,38.24936,-122.03997,707,112970,34623,67364,105971964,696390,America/Los Angeles,155180.67436487402,14282.68378666079,True
35,Fontana,San Bernardino County,CA,California,City,34.09223,-117.43505,909,207460,49975,64824,111418803,0,America/Los Angeles,121309.88047024207,14763.963861776054,True
36,Fremont,Alameda County,CA,California,City,37.54827,-121.98857,510,232206,72684,105355,200632984,26291597,America/Los Angeles,176023.8968476179,15149.056622448115,True
37,Fresno,Fresno County,CA,California,City,36.74773,-119.77237,559,520052,161914,41531,296267437,732167,America/Los Angeles,299544.985999392,24258.98351892299,True
38,Fullerton,Orange County,CA,California,City,33.87029,-117.92534,657,140847,45031,65974,58100816,28063,America/Los Angeles,159499.866804896,17477.862487924835,True
39,Garden Grove,Orange County,CA,California,City,33.77391,-117.94145,657,175393,46998,58449,46508935,45894,America/Los Angeles,107936.36561258476,12041.650788653988,True
40,Glendale,Los Angeles County,CA,California,City,34.14251,-118.25508,818,201020,71498,52574,78818661,337115,America/Los Angeles,150011.34931891563,15062.077042552371,True
41,Hayward,Alameda County,CA,California,City,37.66882,-122.0808,510,158289,46713,65096,117943767,47363956,America/Los Angeles,172330.9202368576,10413.90365650073,True
42,Huntington Beach,Orange County,CA,California,City,33.6603,-117.99923,657,201899,74460,83252,69762694,13438927,America/Los Angeles,126798.19456729718,24048.070088403954,True
43,Inglewood,Los Angeles County,CA,California,City,33.96168,-118.35313,424,111666,36667,42044,23485845,63502,America/Los Angeles,178118.44551146173,9935.669538686225,True
44,Irvine,Orange County,CA,California,City,33.66946,-117.82311,949,256927,87235,92278,169856564,885912,America/Los Angeles,187633.25483195315,32296.373987949934,True
45,Jurupa Valley,Riverside County,CA,California,City,34.00259,-117.46761,951,100314,24839,57749,111216400,1914744,America/Los Angeles,138151.92125246476,13871.31634325529,True
46,Lancaster,Los Angeles County,CA,California,City,34.69804,-118.13674,661,161103,47427,47225,244230402,681671,America/Los Angeles,97452.16616998668,10872.007288339137,True
47,Long Beach,Los Angeles County,CA,California,City,33.76696,-118.18923,562,474140,164406,52783,130317967,3004950,America/Los Angeles,301150.57439525274,24389.01387914887,True
48,Los Angeles,Los Angeles County,CA,California,City,34.05223,-118.24368,213,3971883,1342761,50205,1214027148,88124562,America/Los Angeles,383824.104572062,44117.96383802735,True
49,Modesto,Stanislaus County,CA,California,City,37.6391,-120.99688,209,211266,70481,48577,111285594,4760783,America/Los Angeles,211453.145584026,19982.322257690463,True
50,Moreno Valley,Riverside County,CA,California,City,33.93752,-117.23059,951,204198,51693,54590,132800801,504194,America/Los Angeles,156231.69780054866,12781.70577630739,True
51,Murrieta,Riverside County,CA,California,City,33.55391,-117.21392,951,109830,32685,74610,87023902,93770,America/Los Angeles,85546.94194111369,10180.08609099253,True
52,Norwalk,Los Angeles County,CA,California,City,33.90224,-118.08173,562,107140,27225,59756,25145023,101802,America/Los Angeles,124826.503381269,12931.245584653338,True
53,Oakland,Alameda County,CA,California,City,37.80437,-122.2708,510,419267,158424,54618,144762241,56897826,America/Los Angeles,214694.3927897694,17564.685010113008,True
54,Oceanside,San Diego County,CA,California,City,33.19587,-117.37948,760,175691,60493,57703,106841893,2392242,America/Los Angeles,176859.36472544543,11400.05988459434,True
55,Ontario,San Bernardino County,CA,California,City,34.06334,-117.65089,909,171214,47375,54114,129329742,159101,America/Los Angeles,162357.92632636416,6520.700216082601,True
56,Orange,Orange County,CA,California,City,33.78779,-117.85311,657,140992,42680,78513,65677897,1134748,America/Los Angeles,135663.1524656151,7683.882688449094,True
57,Oxnard,Ventura County,CA,California,City,34.1975,-119.17705,805,207254,50815,60621,69672461,31875278,America/Los Angeles,122019.67651380794,18480.43464290946,True
58,Palmdale,Los Angeles County,CA,California,City,34.57943,-118.11646,661,158351,42720,52392,274452754,633935,America/Los Angeles,114829.54110145986,12577.749394056496,True
59,Pasadena,Los Angeles County,CA,California,City,34.14778,-118.14452,626,142250,54536,72402,59524677,377058,America/Los Angeles,170557.34074638854,18689.531267871967,True
60,Pomona,Los Angeles County,CA,California,City,34.05529,-117.75228,909,153266,39378,49186,59446734,26188,America/Los Angeles,91310.62117342371,23090.173329229525,True
61,Rancho Cucamonga,San Bernardino County,CA,California,City,34.1064,-117.59311,909,175236,55240,77396,103562370,24723,America/Los Angeles,182746.37703966492,11043.306456264128,True
62,Rialto,San Bernardino County,CA,California,City,34.1064,-117.37032,909,103132,25199,50971,57824783,36883,America/Los Angeles,104137.08385982552,18588.469468978856,True
63,Richmond,Contra Costa County,CA,California,City,37.93576,-122.34775,510,109708,36973,55102,77834895,58171749,America/Los Angeles,158788.7146020402,11293.227057653694,True
64,Riverside,Riverside County,CA,California,City,33.95333,-117.39611,951,322424,91267,57196,210379895,801713,America/Los Angeles,122544.0810581061,15595.43631576981,True
65,Roseville,Placer County,CA,California,City,38.75212,-121.28801,916,130269,46547,75867,111337848,3366,America/Los Angeles,107572.70813672236,10400.936217969343,True
66,Sacramento,Sacramento County,CA,California,City,38.58157,-121.4944,530,490712,178185,50739,253621861,5651667,America/Los Angeles,240920.04955892588,19198.31644922691,True
67,Salinas,Monterey County,CA,California,City,36.67774,-121.6555,831,157380,40892,49840,61150707,98696,America/Los Angeles,102804.80932368324,15139.293233028904,True
68,San Bernardino,San Bernardino County,CA,California,City,34.10834,-117.28977,909,216108,57580,37047,159326695,1126214,America/Los Angeles,104298.38875139298,23443.96004934089,True
69,San Buenaventura (Ventura),Ventura County,CA,California,City,34.26778,-119.25421,805,109708,41029,66995,56500370,27033715,America/Los Angeles,164680.36372471452,14697.722462430776,True
70,San Diego,San Diego County,CA,California,City,32.71533,-117.15726,619,1394928,485091,66116,842252395,122244773,America/Los Angeles,366496.1305392796,43249.59753805616,True
71,San Francisco,San Francisco County,CA,California,City,37.775,-122.41944,415,864816,353287,81294,121455687,479136515,America/Los Angeles,196800.95339190212,16263.412120580806,True
72,San Jose,Santa Clara County,CA,California,City,37.33939,-121.89496,408,1026908,314297,84647,459749746,7803332,America/Los Angeles,314847.5732240653,16860.087546148698,True
73,San Mateo,San Mateo County,CA,California,City,37.56299,-122.32553,650,103536,37861,90208,31415730,9721639,America/Los Angeles,90063.69203794058,9377.881933450566,True
74,Santa Ana,Orange County,CA,California,City,33.74557,-117.86783,949,335400,74757,52253,70306781,638460,America/Los Angeles,126974.98241530232,27198.04123335776,True
75,Santa Clara,Santa Clara County,CA,California,City,37.35411,-121.95524,408,126215,43433,98914,47678886,0,America/Los Angeles,178494.92382724595,15462.122776535183,True
76,Santa Clarita,Los Angeles County,CA,California,City,34.39166,-118.54259,661,182371,59247,83554,136645644,131952,America/Los Angeles,128755.5390492151,15844.24695868126,True
77,Santa Maria,Santa Barbara County,CA,California,City,34.95303,-120.43572,805,105093,27365,50433,59005328,1648788,America/Los Angeles,89321.99553421151,7971.988101428378,True
78,Santa Rosa,Sonoma County,CA,California,City,38.44047,-122.71443,707,174972,64088,61050,106947059,531185,America/Los Angeles,180469.2108555656,13690.845508530349,True
79,Simi Valley,Ventura County,CA,California,City,34.26945,-118.78148,805,126788,41972,90210,107421127,1984799,America/Los Angeles,186744.74785346977,19676.28254726924,True
80,Stockton,San Joaquin County,CA,California,City,37.9577,-121.29078,209,305658,92440,44797,159717213,7984586,America/Los Angeles,246186.07915289988,20141.098600696623,True
81,Sunnyvale,Santa Clara County,CA,California,City,37.36883,-122.03635,408,151754,55094,105401,56936612,1817655,America/Los Angeles,102699.66447792677,24442.520145746574,True
82,Temecula,Riverside County,CA,California,City,33.49364,-117.14836,951,112011,32835,79925,96518165,30591,America/Los Angeles,123765.98946008035,22941.93023857144,True
83,Thousand Oaks,Ventura County,CA,California,City,34.17056,-118.8375,805,129339,45912,100946,142919822,387875,America/Los Angeles,139173.81593168582,12182.39262821252,True
84,Torrance,Los Angeles County,CA,California,City,33.83585,-118.34063,424,148475,55377,79549,53038407,194217,America/Los Angeles,194336.4336900313,24486.39064494395,True
85,Vallejo,Solano County,CA,California,City,38.10409,-122.25664,707,121253,41216,57028,79438815,48871171,America/Los Angeles,154633.75860730626,13034.337235940857,True
86,Victorville,San Bernardino County,CA,California,City,34.53611,-117.29116,760,122225,31886,45894,189919736,1459026,America/Los Angeles,160194.99553279672,18923.03384731161,True
87,Visalia,Tulare County,CA,California,City,36.33023,-119.29206,559,130104,41730,52157,97057436,51434,America/Los Angeles,144952.256002348,11011.841698178376,True
88,Vista,San Diego County,CA,California,City,33.20004,-117.24254,760,100890,30451,50601,48380231,0,America/Los Angeles,120543.5304210958,13655.032037412786,True
89,West Covina,Los Angeles County,CA,California,City,34.06862,-117.93895,626,108484,30816,69189,41546642,124507,America/Los Angeles,148981.27415406916,16482.217369498234,True
90,Arvada,Jefferson County/Adams County,CO,Colorado,City,39.83373,-105.15031,303,115368,44615,69938,100047257,1882996,America/Denver,148383.7554341833,4590.622433745046,True
91,Aurora,Adams County/Douglas County/Arapahoe County,CO,Colorado,City,39.688,-104.68974,303,359407,124031,53011,397624166,1731418,America/Denver,257705.99158120976,11274.63713167793,True
92,Boulder,Boulder County,CO,Colorado,City,40.01499,-105.27055,303,107349,42165,58484,64333756,2612601,America/Denver,114305.18488912767,9001.533310018807,True
93,Centennial,Arapahoe County,CO,Colorado,City,39.57916,-104.87692,303,109741,38991,91941,76525641,381964,America/Denver,171880.44160616637,6635.090576708629,True
94,Colorado Springs,El Paso County,CO,Colorado,City,38.83388,-104.82136,719,456568,174441,54527,506667557,947196,America/Denver,204973.7531993891,9415.981787596938,True
95,Denver,Denver County,CO,Colorado,City,39.73915,-104.9847,303,682545,275795,53637,397133930,4225831,America/Denver,240617.10135181888,14211.447548591805,True
96,Fort Collins,Larimer County,CO,Colorado,City,40.58526,-105.08442,970,161175,58918,55647,144576803,3196479,America/Denver,151869.35889485502,9301.99823230987,True
97,Greeley,Weld County,CO,Colorado,City,40.42331,-104.70913,970,100883,33774,48813,123893579,314890,America/Denver,96148.80332277733,3407.273217750921,True
98,Highlands Ranch,Douglas County,CO,Colorado,CDP,39.55388,-104.96943,303,101350,37157,108570,62856809,70330,America/Denver,149123.29547503137,9612.23908749473,True
99,Lakewood,Jefferson County,CO,Colorado,City,39.70471,-105.08137,303,152597,63159,56954,111039036,3056315,America/Denver,203489.1538320924,12254.236543270858,True
100,Pueblo,Pueblo County,CO,Colorado,City,38.25445,-104.60914,719,109412,43249,34550,138802381,2033674,America/Denver,157261.673281384,7797.557966868625,True
101,Thornton,Adams County/Weld County,CO,Colorado,City,39.91942,-104.94281,303,133451,42679,66948,92549444,2767648,America/Denver,135662.03994300653,9496.342796010458,True
102,Westminster,Jefferson County/Adams County,CO,Colorado,City,39.88219,-105.06443,303,113130,42239,67081,82177513,6010635,America/Denver,176761.91573948663,7642.353415795451,True
103,Bridgeport,Fairfield County,CT,Connecticut,City,41.16704,-73.20483,203,147629,50367,41801,41591056,8721419,America/New York,132700.446473421,6386.208986533386,True
104,Bridgeport (Town),Fairfield County,CT,Connecticut,Town,41.18739,-73.19576,203,147629,50367,41801,41591056,8721419,America/New York,86255.29020772366,2351.2860359509286,True
105,Hartford,Hartford County,CT,Connecticut,City,41.76371,-72.68509,959,124006,45239,30630,45016120,1748078,America/New York,106504.8922647687,11881.95204328826,True
106,Hartford (Town),Hartford County,CT,Connecticut,Town,41.76593,-72.68158,959,124006,45239,30630,45016120,1748078,America/New York,108634.9901100641,6038.8273914123865,True
107,New Haven,New Haven County,CT,Connecticut,City,41.30815,-72.92816,203,130322,49771,37192,48407373,3739487,America/New York,165185.90843343548,6263.299028101095,True
108,New Haven (Town),New Haven County,CT,Connecticut,Town,41.31081,-72.92495,203,130322,49771,37192,48407373,3739487,America/New York,99111.54506006133,8325.36978504515,True
109,Stamford,Fairfield County,CT,Connecticut,City,41.05343,-73.53873,203,128874,46974,79359,97430571,37323740,America/New York,161875.60625151746,9206.675105555056,True
110,Stamford (Town),Fairfield County,CT,Connecticut,Town,41.07986,-73.54603,203,128874,46974,79359,97430571,37323740,America/New York,90650.33950084978,6260.539071777439,True
111,Waterbury,New Haven County,CT,Connecticut,City,41.55815,-73.0515,203,108802,40213,40467,73880017,1086045,America/New York,132865.31663209177,6841.286255431265,True
112,Waterbury (Town),New Haven County,CT,Connecticut,Town,41.5585,-73.03668,203,108802,40213,40467,73880017,1086045,America/New York,91983.6807452943,3756.000297099518,True
113,Washington,District of Columbia,DC,District of Columbia,City,38.9041,-77.01723,202,672228,273390,70848,158364992,18633403,America/New York,179910.46947993137,15392.340166616355,True
139,Athens,Clarke County,GA,Georgia,Unified Government,33.95219,-83.36715,706,123912,45389,39464,308738452,4741286,America/New York,138616.86614565374,15114.569827804937,True
140,Atlanta,DeKalb County/Fulton County,GA,Georgia,City,33.76291,-84.42267,678,463878,185820,47527,345684978,2311315,America/New York,261947.11958651087,11460.186481909852,True
141,Augusta,Richmond County,GA,Georgia,Consolidated Government,33.36149,-82.075,706,201793,73917,39464,840008393,11042219,America/New York,215005.4389636574,7469.858081641774,True
142,Columbus,Muscogee County,GA,Georgia,City,32.46098,-84.98771,706,200579,72760,42306,560530243,11873622,America/New York,226399.23519231248,10565.297642307916,True
143,Macon,Bibb County,GA,Georgia,Other,32.808840000000004,-83.69419,478,153515,57025,36568,645603627,14488557,America/New York,150143.3888031711,13642.836771057377,True
144,Sandy Springs,Fulton County,GA,Georgia,City,33.92427,-84.37854,678,105330,43058,63917,97526360,2245984,America/New York,94210.94645849954,6045.202397753721,True
145,Savannah,Chatham County,GA,Georgia,City,32.08354,-81.09983,912,145674,52798,36466,268318796,13908113,America/New York,157392.54556743987,10869.922678251316,True
146,Honolulu,Honolulu County,HI,Hawaii,CDP,21.32435,-157.84764,808,352769,127177,61442,156812572,20481895,Pacific/Honolulu,152926.5920065558,10704.861440458906,True
147,Cedar Rapids,Linn County,IA,Iowa,City,42.00833,-91.64407,319,130405,53328,53581,183340874,3295742,America/Chicago,169225.4281024402,10068.912972095191,True
148,Davenport,Scott County,IA,Iowa,City,41.52364,-90.57764,563,102582,41100,47343,162885999,5501339,America/Chicago,164780.0495002424,8200.3821509105,True
149,Des Moines,Warren County/Polk County,IA,Iowa,City,41.57259,-93.61024,515,210330,81717,46290,230329944,4657227,America/Chicago,196490.07244422095,11347.30168365376,True
150,Boise City,Ada County,ID,Idaho,City,43.6135,-116.20345,208,218281,86916,50323,212601021,1845301,America/Boise,187392.8215153603,14757.184694334625,True
151,Aurora,Kendall County/Kane County/Will County/DuPage County,IL,Illinois,City,41.76346,-88.2901,630,200661,61449,63090,116273603,2278285,America/Chicago,130410.59630418384,10269.834458954478,True
152,Aurora (Township),Kane County,IL,Illinois,Township,41.76887,-88.31893,630,148308,44798,49797,89841331,1727843,America/Chicago,50947.3694285935,3900.65797187669,True
153,Bloomingdale (Township),DuPage County,IL,Illinois,Township,41.94563,-88.08462,630,113024,40097,68474,88284784,3206299,America/Chicago,44924.35426480526,2680.1461351162234,True
154,Bremen,Cook County,IL,Illinois,Township,41.60156,-87.73503,708,110683,40159,55902,97756706,295143,America/Chicago,73552.343828326,3217.915042489263,True
155,Capital,Sangamon County,IL,Illinois,Township,39.79106,-89.64457,217,116358,50476,49925,154319522,16272442,America/Chicago,79680.53312442922,2788.818659355022,True
156,Chicago,Cook County/DuPage County,IL,Illinois,City,41.83755,-87.68184,773,2720546,1035436,48522,588808396,17615206,America/Chicago,446027.03719729895,35682.16297578392,True
157,Downers Grove (Township),DuPage County,IL,Illinois,Township,41.7543,-87.97753,630,149401,56956,81535,128386816,3508803,America/Chicago,55414.0719828317,3959.797227106517,True
158,Elgin,Cook County/Kane County,IL,Illinois,City,42.03964,-88.32171,847,112111,35075,60499,96981130,1272788,America/Chicago,87686.29212119503,6521.667976513881,True
159,Elgin (Township),Kane County,IL,Illinois,Township,42.0261,-88.31822,847,104288,33089,63609,82722594,1676406,America/Chicago,49640.09764585176,3274.3372101013765,True
160,Hanover,Cook County,IL,Illinois,Township,42.02803,-88.20364,847,101296,32297,73620,86551770,624095,America/Chicago,60579.64818998517,4770.647294961332,True
161,Joliet,Kendall County/Will County,IL,Illinois,City,41.5177,-88.14885,815,147861,46895,60976,166876584,1718805,America/Chicago,118638.8649147227,9342.810612034416,True
162,Lisle (Township),DuPage County,IL,Illinois,Township,41.77193,-88.09209,630,119818,45377,86610,91532435,1583080,America/Chicago,42647.396415030285,3638.356006657272,True
163,Lyons (Township),Cook County,IL,Illinois,Township,41.77475,-87.8596,708,112890,39769,66065,94153993,1462083,America/Chicago,73301.54691504092,1603.4713387665204,True
164,Maine,Cook County,IL,Illinois,Township,42.03353,-87.86441,847,136667,50680,65608,67114018,640546,America/Chicago,39896.548101022425,4615.808967798845,True
165,Milton,DuPage County,IL,Illinois,Township,41.85857,-88.08948,630,118844,43510,84039,88967140,2353781,America/Chicago,37822.36562466777,4118.435368019379,True
166,Naperville,Will County/DuPage County,IL,Illinois,City,41.74917,-88.16202,630,147100,50073,109468,100155901,1471160,America/Chicago,176571.7638868671,10042.519071065568,True
167,Naperville (Township),DuPage County,IL,Illinois,Township,41.76635,-88.2009,630,102708,37133,88282,90385339,2423679,America/Chicago,59635.83057014215,1913.3162307920609,True
168,Niles (Township),Cook County,IL,Illinois,Township,42.03209,-87.75778,847,106229,37478,69857,55058020,0,America/Chicago,67806.39633086036,2669.876855527627,True
169,Palatine (Township),Cook County,IL,Illinois,Township,42.11125,-88.0644,847,114057,42938,77545,92499527,989285,America/Chicago,66929.04323837318,3806.589334182475,True
170,Peoria,Peoria County,IL,Illinois,City,40.69365,-89.58899,309,115070,47239,45552,124916605,5748402,America/Chicago,108129.76324657485,8042.151141464006,True
171,Peoria City,Peoria County,IL,Illinois,Township,40.74495,-89.60964,309,104291,43267,42041,104884817,5748402,America/Chicago,58719.575859048,3578.224153910738,True
172,Proviso,Cook County,IL,Illinois,Township,41.86472,-87.87119,708,151772,54255,53281,76908074,254,America/Chicago,59019.73715629632,5005.327708832054,True
173,Rockford,Winnebago County/Ogle County,IL,Illinois,City,42.25884,-89.06455,815,148278,58559,38716,164382960,2627885,America/Chicago,198174.01495546475,7803.101838871425,True
174,Rockford (Township),Winnebago County,IL,Illinois,Township,42.24868,-89.07452,815,173110,69780,40391,287475255,4720906,America/Chicago,59495.906207736974,3123.535075906192,True
175,Schaumburg (Township),Cook County,IL,Illinois,Township,42.02911,-88.08951,630,132162,49006,74034,79648612,555721,America/Chicago,65717.11636435005,2683.44891821096,True
176,Springfield,Sangamon County,IL,Illinois,City,39.80172,-89.64371,217,116565,50575,49868,155637192,16272442,America/Chicago,199337.99045353147,10852.846146914491,True
177,Thornton (Township),Cook County,IL,Illinois,Township,41.60127,-87.60032,708,169468,62380,41024,121463504,1255264,America/Chicago,85810.09538985715,5673.000750773888,True
178,Wheeling (Township),Cook County,IL,Illinois,Township,42.10987,-87.94458,847,155286,59425,73977,92979678,317743,America/Chicago,79677.94747487678,3937.027992876265,True
179,Worth (Township),Cook County,IL,Illinois,Township,41.69043,-87.74383,708,152861,56788,54124,82397386,875755,America/Chicago,78422.14594342878,1998.0348212792703,True
180,York,DuPage County,IL,Illinois,Township,41.86177,-87.9761,630,125730,47997,76285,90808706,1568158,America/Chicago,73939.04790526636,2093.127459082908,True
181,Calumet,Lake County,IN,Indiana,Township,41.58533,-87.35516,219,100453,39770,31332,158624821,19428725,America/Chicago,44795.784014567806,2316.145650753222,True
182,Center,Marion County,IN,Indiana,Township,39.77485,-86.13949,317,147837,59947,27572,108522566,2102238,America/Indiana/Indianapolis,47013.069669394434,4010.802506170213,True
183,Evansville,Vanderburgh County,IN,Indiana,City,37.97476,-87.55585,812,119943,51271,35785,122628548,1274315,America/Chicago,155784.11454894888,4819.571043858106,True
184,Fort Wayne,Allen County,IN,Indiana,City,41.1306,-85.12886,260,260326,102273,43774,286488211,549748,America/Indiana/Indianapolis,240882.5158560516,9918.691829366831,True
185,Indianapolis,Marion County.,IN,Indiana,City,39.778,-86.14584,317,862781,316037,51682,949109238,16893545,America/Indiana/Indianapolis,252365.23656932756,17205.525764023427,True
186,Lawrence (Township),Marion County,IN,Indiana,Township,39.8716,-86.01156,317,123397,48011,50411,121424443,4188930,America/Indiana/Indianapolis,47847.79715686177,3235.163557765086,True
187,North,Lake County,IN,Indiana,Township,41.61329,-87.47085,219,157105,58240,44334,137725287,14822486,America/Chicago,65156.16491855101,3807.5633874278246,True
188,Perry,Marion County,IN,Indiana,Township,39.67674,-86.15616,317,113236,44154,44302,118291390,259404,America/Indiana/Indianapolis,50689.821828198415,2217.679704983681,True
189,South Bend,St. Joseph County,IN,Indiana,City,41.68338,-86.25001,574,101516,39448,34523,107226145,1077799,America/Indiana/Indianapolis,162430.93253847913,9060.60045566204,True
190,Warren,Marion County,IN,Indiana,Township,39.77514,-86.01718,317,103365,38889,41504,125067149,209265,America/Indiana/Indianapolis,68689.17383463561,4808.242168424494,True
191,Washington,Marion County,IN,Indiana,Township,39.87632,-86.14291,317,137215,58263,50615,125858508,2908711,America/Indiana/Indianapolis,65165.16972319831,4398.648956315887,True
192,Wayne,Allen County,IN,Indiana,Township,41.05238,-85.16209,260,106185,41596,32194,109127525,317390,America/Indiana/Indianapolis,62052.50359306179,4235.083370226468,True
193,Wayne,Marion County,IN,Indiana,Township,39.77186,-86.26094,317,142010,52540,35884,126591941,1036389,America/Indiana/Indianapolis,58359.945313597455,3672.748481514379,True
194,Kansas City,Wyandotte County,KS,Kansas,City,39.11417,-94.62746,913,151306,54629,38749,323260927,9232017,America/Chicago,147904.5378363153,12692.769232587638,True
195,Olathe,Johnson County,KS,Kansas,City,38.8814,-94.81913,913,134305,45742,77335,157638037,1946472,America/Chicago,160376.8097226664,7858.463676410653,True
196,Overland Park,Johnson County,KS,Kansas,City,38.98223,-94.67079,913,186515,74830,72463,194562941,1309517,America/Chicago,152422.03847965316,8557.862368805527,True
197,Topeka,Shawnee County,KS,Kansas,City,39.04833,-95.67804,785,127265,52711,42250,159180160,3400123,America/Chicago,168537.5619396696,14157.155202932248,True
198,Wichita,Sedgwick County,KS,Kansas,City,37.69224,-97.33754,316,389965,150683,45947,415365564,11294497,America/Chicago,292102.31851064856,10649.56369570073,True
199,Lexington-Fayette,Fayette County,KY,Kentucky,Urban County ,38.0498,-84.45855,859,314488,125752,49778,734642357,4922241,America/New York,182789.5947700852,8796.749248310352,True
200,Louisville,Jefferson County,KY,Kentucky,City,38.25424,-85.75941,502,760026,0,0,159116437,12579358,America/New York,0.0,0.0,True
201,Baton Rouge,East Baton Rouge Parish,LA,Louisiana,City,30.45075,-91.15455,225,228590,88476,39876,222547923,5682680,America/Chicago,228969.6119082908,13258.350689542574,True
202,Lafayette,Lafayette Parish,LA,Louisiana,City,30.22409,-92.01984,337,127657,50025,46517,139369271,259576,America/Chicago,110320.3148754939,9025.580760751343,True
203,Metairie,Jefferson Parish,LA,Louisiana,CDP,29.98409,-90.15285,504,140074,59557,52421,60144259,109317,America/Chicago,187623.1728829012,7695.481700275244,True
204,New Orleans,Orleans Parish,LA,Louisiana,City,29.95465,-90.07507,504,389617,153140,36792,438799508,467299606,America/Chicago,244800.4955926276,17136.034691483932,True
205,Shreveport,Caddo Parish/Bossier Parish,LA,Louisiana,City,32.46688,-93.79219,318,197204,77500,38583,277484105,39395075,America/Chicago,231455.82212125027,9901.165724075703,True
206,Boston,Suffolk County,MA,Massachusetts,City,42.35843,-71.05977,857,667137,256294,55777,125219114,106849577,America/New York,332236.531205908,19237.96090622445,True
207,Cambridge,Middlesex County,MA,Massachusetts,City,42.3751,-71.10561,857,110402,43801,79416,16556713,1861901,America/New York,94776.77508772508,7601.887168494616,True
208,Lowell,Middlesex County,MA,Massachusetts,City,42.63342,-71.31617,351,110699,38489,48002,35187375,2442614,America/New York,110713.4829487874,8454.484152452857,True
209,Springfield,Hampden County,MA,Massachusetts,City,42.10148,-72.58981,413,154341,55644,34728,82538680,3142825,America/New York,171762.2369093882,9368.19867143288,True
210,Worcester,Worcester County,MA,Massachusetts,City,42.26259,-71.80229,774,184815,68576,45472,96758525,2814766,America/New York,135516.74012869946,10510.24717475425,True
211,Baltimore,Baltimore city,MD,Maryland,City,39.29038,-76.61219,410,621849,242268,42241,209643557,28767622,America/New York,210783.3549723478,22802.926583372173,True
212,Columbia,Howard County,MD,Maryland,CDP,39.24038,-76.83942,410,102116,39893,100849,82691135,667179,America/New York,112110.5640968516,7847.739486779611,True
213,Ann Arbor,Washtenaw County,MI,Michigan,City,42.27087,-83.72633,734,117070,47179,55990,72727009,2254528,America/Detroit,97273.50707425484,9930.003847163514,True
214,Detroit,Wayne County,MI,Michigan,City,42.33143,-83.04575,313,677116,255740,25764,359360867,10667144,America/Detroit,214813.8234415988,14353.469111779556,True
215,Grand Rapids,Kent County,MI,Michigan,City,42.96336,-85.66809,616,195097,73026,40355,115103540,2252017,America/Detroit,214094.7706128304,5950.57524203308,True
216,Lansing,Clinton County/Ingham County/Eaton County,MI,Michigan,City,42.71434,-84.55928,517,115056,48414,35563,101329851,1640233,America/Detroit,196314.48805776387,11451.678470036226,True
217,Sterling Heights,Macomb County,MI,Michigan,City,42.58031,-83.0302,586,132052,49444,60089,94553340,753481,America/Detroit,175792.2604209342,12257.39003325655,True
218,Warren,Macomb County,MI,Michigan,City,42.49982,-83.00549,586,135358,53493,43523,89052398,191291,America/Detroit,124232.90137256445,8004.551713436824,True
219,Minneapolis,Hennepin County,MN,Minnesota,City,44.97997,-93.26384,612,410939,168385,51480,139858340,9027529,America/Chicago,286810.54879176593,19929.11533883962,True
220,Rochester,Olmsted County,MN,Minnesota,City,44.02163,-92.4699,507,112225,43634,64554,141314495,403646,America/Chicago,147233.55686965527,11732.674063050654,True
221,St. Paul,Ramsey County,MN,Minnesota,City,44.94441,-93.09327,651,300851,112988,48757,134612878,10884750,America/Chicago,264103.29903922207,9628.766110804972,True
222,Columbia,Boone County,MO,Missouri,City,38.95171,-92.33407,573,119108,45024,44907,168320842,689182,America/Chicago,106327.45897527903,10885.27361259419,True
223,Independence,Jackson County/Clay County,MO,Missouri,City,39.08547,-94.3521,816,117255,48313,43472,201595640,1162419,America/Chicago,130780.6997576072,10298.980105911569,True
224,Kansas City,Cass County/Platte County/Jackson County/Clay County,MO,Missouri,City,39.12513,-94.55103,816,475378,195033,45821,815780419,10370518,America/Chicago,284182.8247089552,11889.054893097304,True
225,Springfield,Christian County/Greene County,MO,Missouri,City,37.19415,-93.2913,417,166810,71268,33557,213158276,1530246,America/Chicago,212276.5545554316,11363.039096790752,True
226,St. Louis,St. Louis city,MO,Missouri,City,38.62727,-90.19789,314,315685,139555,35599,160458044,10670040,America/Chicago,142181.60371926043,12164.426095981173,True
227,Jackson,Rankin County/Hinds County/Madison County,MS,Mississippi,City,32.31583,-90.21282,769,170674,62671,32250,287614760,5655837,America/Chicago,179062.47635740828,5222.655560424409,True
228,Billings,Yellowstone County,MT,Montana,City,45.78329,-108.50069,406,110263,44092,51012,113183020,284017,America/Denver,126662.2458611692,5587.652200229705,True
229,Cary,Chatham County/Wake County,NC,North Carolina,Town,35.78088,-78.81327,919,159769,56034,91579,146322917,2815890,America/New York,89534.9675171692,8195.893180417797,True
230,Charlotte,Mecklenburg County,NC,North Carolina,City,35.22709,-80.84313,704,827097,305488,53637,790925550,5215849,America/New York,374076.5361946718,12728.99324551314,True
231,Durham,Durham County/Orange County/Wake County,NC,North Carolina,City,35.98115,-78.90293,919,257636,100513,50420,284339132,2323182,America/New York,126753.59933503838,7763.657959271101,True
232,Fayetteville,Cumberland County,NC,North Carolina,City,35.05266,-78.87836,910,201963,78439,43630,382659645,4765966,America/New York,116216.75235189802,4576.034623855985,True
233,Greensboro,Guilford County,NC,North Carolina,City,36.07264,-79.79198,336,285342,114080,41628,332338206,13707999,America/New York,220828.23286367487,16230.875115480105,True
234,High Point,Davidson County/Randolph County/Forsyth County/Guilford County,NC,North Carolina,City,35.98998,-79.99047,336,110268,40973,42299,142972062,3925954,America/New York,102876.03699928313,9361.719366934763,True
235,Raleigh,Durham County/Wake County,NC,North Carolina,City,35.8306,-78.64177,919,451066,170366,55398,375740493,2876470,America/New York,152463.7306944935,16675.72054471023,True
236,Wilmington,New Hanover County,NC,North Carolina,City,34.22573,-77.94471,910,115933,48425,42128,133663628,3951737,America/New York,163608.41526217942,7301.025531074758,True
237,Winston-Salem,Forsyth County,NC,North Carolina,City,36.09986,-80.24422,336,241218,93267,39882,343173025,3173027,America/New York,137197.0620120699,7202.845755633671,True
238,Fargo,Cass County,ND,North Dakota,City,46.87719,-96.7898,701,118523,49962,46175,127714801,0,America/Chicago,99244.5012121738,10806.623465325592,True
239,Lincoln,Lancaster County,NE,Nebraska,City,40.8,-96.66696,402,277348,107574,49840,238566678,3507136,America/Chicago,158646.41221642937,13124.385010631886,True
240,Omaha,Douglas County,NE,Nebraska,City,41.25861,-95.93779,402,443885,173764,49896,344973715,9140906,America/Chicago,307042.466161044,8209.121491111244,True
241,Manchester,Hillsborough County,NH,New Hampshire,City,42.99564,-71.45479,603,110229,45145,54282,85627013,4850146,America/New York,159641.076545762,11174.87535820334,True
242,Edison,Middlesex County,NJ,New Jersey,Township,40.50399,-74.34941,848,102701,35198,90515,77862691,1630832,America/New York,70235.03457289231,3277.634946734975,True
243,Elizabeth,Union County,NJ,New Jersey,City,40.66399,-74.2107,908,129007,39433,43568,31905474,3459587,America/New York,172559.89451711826,11191.016688536642,True
244,Jersey City,Hudson County,NJ,New Jersey,City,40.72816,-74.07764,551,264290,99058,59537,38318201,16417392,America/New York,196168.55303739395,13241.377330024094,True
245,Newark,Essex County,NJ,New Jersey,City,40.73566,-74.17237,973,281944,92675,33139,62531085,4509710,America/New York,246404.94651080947,9342.854221868194,True
246,Paterson,Passaic County,NJ,New Jersey,City,40.91677,-74.17181,973,147754,43037,32915,21790122,762701,America/New York,104660.95789054084,7326.267052337858,True
247,Woodbridge (Township),Middlesex County,NJ,New Jersey,Township,40.56073,-74.2927,848,102105,33375,79720,60235960,3515266,America/New York,45959.85946874992,1843.181864111325,True
248,Albuquerque,Bernalillo County,NM,New Mexico,City,35.08449,-106.65114,505,559121,222098,47030,487357375,4655624,America/Denver,167291.21864255893,12686.25074706072,True
249,Las Cruces,DoÃƒÂ±a Ana County,NM,New Mexico,City,32.31232,-106.77834,575,101643,38925,41330,199270395,250842,America/Denver,141464.69311708008,5570.172291485029,True
250,Enterprise,Clark County,NV,Nevada,CDP,36.02525,-115.24194,702,124564,43699,68137,120207609,0,America/Los Angeles,189398.93749902424,10173.616538576063,True
251,Henderson,Clark County,NV,Nevada,City,36.0397,-114.98194,702,285667,104492,63120,271160947,1272345,America/Los Angeles,142764.12019922584,11242.674465689037,True
252,Las Vegas,Clark County,NV,Nevada,City,36.17497,-115.13722,702,623747,215614,50202,348034258,133982,America/Los Angeles,275942.2508636907,17786.777586922068,True
253,North Las Vegas,Clark County,NV,Nevada,City,36.19886,-115.1175,702,234807,68686,52511,253858818,112001,America/Los Angeles,197225.86535503925,14668.673735781043,True
254,Paradise,Clark County,NV,Nevada,CDP,36.09719,-115.14666,702,223182,88401,43911,121034884,0,America/Los Angeles,188507.24944976572,9896.630596112702,True
255,Reno,Washoe County,NV,Nevada,City,39.52963,-119.8138,775,241445,92283,47012,277887963,7380237,America/Los Angeles,205033.0462797676,8611.38794375024,True
256,Spring Valley,Clark County,NV,Nevada,CDP,36.10803,-115.245,702,183937,70748,50192,86125947,0,America/Los Angeles,112094.02830423204,4904.113738310152,True
257,Sunrise Manor,Clark County,NV,Nevada,CDP,36.21108,-115.07306,702,187647,60366,39586,86444651,0,America/Los Angeles,153165.41104916678,13144.24320782513,True
258,Amherst,Erie County,NY,New York,Town,43.01164,-78.75715,716,125109,49558,68294,137777476,1003270,America/New York,65975.25523468191,3636.885944811841,True
259,Babylon (Town),Suffolk County,NY,New York,Town,40.64092,-73.31669,631,213776,68789,80327,135481314,160302131,America/New York,96198.04807372249,3496.4290549872208,True
260,Brookhaven,Suffolk County,NY,New York,Town,40.85745,-72.95984,631,489278,161116,87040,671934794,704749682,America/New York,109643.39614914265,4796.898581524991,True
261,Brooklyn,Kings County,NY,New York,Borough,40.62472,-73.95222,347,2636735,880727,32135,180000000,70000000,America/New York,511780.0928129839,10668.35708180007,True
262,Buffalo,Erie County,NY,New York,City,42.88645,-78.87837,716,258071,110549,31918,104592941,31362925,America/New York,218411.4761969857,12613.262750375923,True
263,Hempstead (Town),Nassau County,NY,New York,Town,40.63396,-73.6091,516,771018,241539,94999,307389025,189288363,America/New York,103366.38090101862,11104.7077259636,True
264,Huntington,Suffolk County,NY,New York,Town,40.88409,-73.37676,631,204398,69000,105451,243808665,111325968,America/New York,118524.57957105908,7000.357980915678,True
265,Islip,Suffolk County,NY,New York,Town,40.71258,-73.19552,631,336113,101387,86864,268844871,153259682,America/New York,135614.1596471243,9344.66318818466,True
266,Manhattan,New York County,NY,New York,Borough,40.72833,-73.99417,212,1644518,738644,47030,59100000,28000000,America/New York,452910.4094301757,25759.279536341248,True
267,New York City,Richmond County/Queens County/Kings County/New York County/Bronx County,NY,New York,City,40.66347,-73.9387,718,8550405,3113535,53373,780785193,431834008,America/New York,515194.842872899,26637.91517126921,True
268,North Hempstead,Nassau County,NY,New York,Town,40.80336,-73.6784,516,230614,76523,104698,138598541,40538082,America/New York,107534.1707614748,4704.619970814522,True
269,Oyster Bay,Nassau County,NY,New York,Town,40.80049,-73.51056,516,298768,98509,112162,268689279,170041808,America/New York,142645.06428860343,9911.734246524284,True
270,Queens,Queens County,NY,New York,Borough,40.75,-73.86667,718,2339150,782664,42439,109000000,70000000,America/New York,375521.4388731076,29572.31331125723,True
271,Ramapo,Rockland County,NY,New York,Town,41.14077,-74.10498,845,135257,34566,66911,158352484,1803573,America/New York,63975.12427173667,4580.037305817512,True
272,Rochester,Monroe County,NY,New York,City,43.15478,-77.61556,716,209802,85741,30960,92678538,3546651,America/New York,159859.05644645082,5828.194766276854,True
273,Smithtown,Suffolk County,NY,New York,Town,40.91922,-73.17912,631,118275,39425,112693,139096977,149547375,America/New York,73079.0008229603,4795.80942900677,True
274,Staten Island,Richmond County,NY,New York,Borough,40.57628,-74.14484,718,474558,156341,55039,152000000,110000000,America/New York,197263.513718459,12226.228194008656,True
275,Syracuse,Onondaga County,NY,New York,City,43.04812,-76.14742,315,144142,54781,31881,64867329,1463257,America/New York,125271.75979820208,7672.895287639877,True
276,The Bronx,Bronx County,NY,New York,Borough,40.83722,-73.88611,347,1455444,523690,34299,110000000,40000000,America/New York,351353.30469819607,28108.264375855688,True
277,Yonkers,Westchester County,NY,New York,City,40.93121,-73.89875,914,201116,73073,59049,46651457,5916223,America/New York,214142.9879951693,6943.901301902183,True
278,Akron,Summit County,OH,Ohio,City,41.08144,-81.51901,330,197542,83684,34512,160659689,880527,America/New York,184923.8365993712,10517.543206589236,True
279,Cincinnati,Hamilton County,OH,Ohio,City,39.162,-84.45689,513,298550,133039,33604,200434440,4155432,America/New York,248572.24314690076,11554.725365031714,True
280,Cleveland,Cuyahoga County,OH,Ohio,City,41.4995,-81.69541,216,388072,167100,26150,201255242,12332080,America/New York,269216.54647018865,20022.98064372028,True
281,Columbus,Delaware County/Franklin County/Fairfield County,OH,Ohio,City,39.98524,-82.98477,614,850106,334724,45659,565783587,15247719,America/New York,193118.0718201779,19526.382817373546,True
282,Dayton,Montgomery County,OH,Ohio,City,39.75895,-84.19161,937,140599,57316,27683,144197693,2208312,America/New York,208261.53721798744,7744.725915293909,True
283,Toledo,Lucas County,OH,Ohio,City,41.66394,-83.55521,419,279789,117531,33687,209065315,8887951,America/New York,267772.43305967265,10543.53955172461,True
284,Broken Arrow,Wagoner County/Tulsa County,OK,Oklahoma,City,36.03653,-95.781,918,106563,37246,67131,159889421,1579677,America/Chicago,179097.85620940276,9750.883282511928,True
285,Norman,Cleveland County,OK,Oklahoma,City,35.22257,-97.43948,405,120284,44911,51491,463011592,27576719,America/Chicago,116857.38072447106,7808.197712044204,True
286,Oklahoma City,Canadian County/Pottawatomie County/Oklahoma County/Cleveland County,OK,Oklahoma,City,35.46708,-97.51366,405,631346,232254,47779,1570317627,37245501,America/Chicago,283216.39377114666,25277.06314407484,True
287,Tulsa,Rogers County/Wagoner County/Osage County/Tulsa County,OK,Oklahoma,City,36.12795,-95.90232,918,403505,164471,42284,509834953,10955689,America/Chicago,200794.8275588382,15373.35398497355,True
288,Eugene,Lane County,OR,Oregon,City,44.05207,-123.08675,541,163460,66093,43101,114273476,58974,America/Los Angeles,170263.85303892245,5746.405040063633,True
289,Gresham,Multnomah County,OR,Oregon,City,45.49818,-122.43148,503,110553,38773,46956,60342997,532750,America/Los Angeles,141271.10304791707,5562.549682511735,True
290,Hillsboro,Washington County,OR,Oregon,City,45.52289,-122.98983,503,102347,35284,67757,64707200,31207,America/Los Angeles,175737.62322766648,10251.36135494721,True
291,Portland,Clackamas County/Multnomah County/Washington County,OR,Oregon,City,45.53695,-122.64997,503,632309,254167,55003,345657944,30147582,America/Los Angeles,214350.4506132693,21483.761072829948,True
292,Salem,Marion County/Polk County,OR,Oregon,City,44.92371,-123.02319,503,164549,57729,47191,125786966,1433926,America/Los Angeles,115991.9689981607,5023.902157232836,True
293,Allentown,Lehigh County,PA,Pennsylvania,City,40.60843,-75.49018,610,120207,41244,36930,45448161,1238395,America/New York,134047.78229285535,9744.242635903716,True
294,Philadelphia,Philadelphia County,PA,Pennsylvania,City,39.95234,-75.16379,445,1567442,581050,38253,347519465,22089787,America/New York,260264.38079913933,34842.893979484776,True
295,Pittsburgh,Allegheny County,PA,Pennsylvania,City,40.44062,-79.99589,412,304391,132468,40715,143423857,7692318,America/New York,139611.55390257027,6718.806031561194,True
296,Providence,Providence County,RI,Rhode Island,City,41.82399,-71.41283,401,179207,61481,37501,47655935,5618032,America/New York,166007.36926531076,7937.227342997671,True
297,Charleston,Berkeley County/Charleston County,SC,South Carolina,City,32.81793,-79.95896,843,132609,52450,55546,282372739,47927393,America/New York,168245.00915583206,10992.007264847694,True
298,Columbia,Lexington County/Richland County,SC,South Carolina,City,34.0291,-80.89804,803,133803,44506,41260,345805347,6998722,America/New York,127077.2336193532,7088.526937829548,True
299,North Charleston,Dorchester County/Berkeley County/Charleston County,SC,South Carolina,City,32.91782,-80.06503,843,108304,37597,39543,190807625,8969264,America/New York,179686.7820458103,8909.46960977143,True
300,Sioux Falls,Minnehaha County/Lincoln County,SD,South Dakota,City,43.53834,-96.732,605,171544,65538,52494,195275757,1354349,America/Chicago,109132.75842835577,5586.233072051461,True
301,Chattanooga,Hamilton County,TN,Tennessee,City,35.04563,-85.30968,423,176588,70228,40177,370573763,19930234,America/New York,223609.94713578568,7771.998509823662,True
302,Clarksville,Montgomery County,TN,Tennessee,City,36.52977,-87.35945,931,149176,51776,46947,254527982,1754875,America/Chicago,145153.77482250423,14948.047387971352,True
303,Knoxville,Knox County,TN,Tennessee,City,35.96064,-83.92074,865,185291,81073,34226,255161763,14631856,America/New York,209009.81298500177,5657.960953070556,True
304,Memphis,Shelby County,TN,Tennessee,City,35.14953,-90.04898,901,655770,249775,36445,822013083,23171205,America/Chicago,251782.475781016,16269.021512004112,True
305,Murfreesboro,Rutherford County,TN,Tennessee,City,35.84562,-86.39027,615,126118,44518,51094,144718226,387261,America/Chicago,137679.99348788158,6672.184299797338,True
306,Nashville,Davidson County,TN,Tennessee,Metropolitan Government,36.16913,-86.78479,615,678889,248677,41759,1304953365,56649279,America/Chicago,328746.6960986025,12182.965796595272,True
345,Provo,Utah County,UT,Utah,City,40.23384,-111.65853,385,115264,32506,41291,107922719,6474977,America/Denver,161278.38501232548,12700.672819720634,True
346,Salt Lake City,Salt Lake County,UT,Utah,City,40.76078,-111.89105,385,192672,75330,47243,288044514,1216737,America/Denver,229166.58993951755,10026.038309853897,True
347,West Jordan,Salt Lake County,UT,Utah,City,40.60967,-111.9391,385,111946,31742,68442,83717638,0,America/Denver,159941.4137888744,12595.386335873862,True
348,West Valley City,Salt Lake County,UT,Utah,City,40.69161,-112.00105,385,136208,36213,52534,91854060,136726,America/Denver,147786.18707237,4310.430456277459,True
349,Alexandria,Alexandria city,VA,Virginia,City,38.80484,-77.04692,571,153511,66879,89134,38977688,1127171,America/New York,183181.95407029905,5289.378923779886,True
350,Arlington,Arlington County,VA,Virginia,CDP,38.89039,-77.08414,571,220173,98441,105763,67318429,244142,America/New York,195740.0298545883,5505.188339660295,True
351,Chesapeake,Chesapeake city,VA,Virginia,City,36.81904,-76.27494,757,235429,81518,68620,876737780,32210024,America/New York,170146.13631226885,10077.886535419004,True
352,Hampton,Hampton city,VA,Virginia,City,37.02987,-76.34522,757,136454,52940,49190,133308913,219591352,America/New York,168793.47167548537,9600.128701543232,True
353,Newport News,Newport News city,VA,Virginia,City,36.97876,-76.428,757,182385,69073,50077,178921044,130901482,America/New York,160561.44668768204,7132.633497087414,True
354,Norfolk,Norfolk city,VA,Virginia,City,36.84681,-76.28522,757,246393,87045,44480,137985835,111697132,America/New York,160705.81628453772,9960.41257180208,True
355,Richmond,Richmond city,VA,Virginia,City,37.55376,-77.46026,804,220289,87224,40758,154942138,6879776,America/New York,214428.54119991692,5276.952381091706,True
356,Virginia Beach,Virginia Beach city,VA,Virginia,City,36.85293,-75.97799,757,452745,166242,66634,633821720,654694207,America/New York,201548.9402681575,23807.968569176108,True
357,Bellevue,King County,WA,Washington,City,47.61038,-122.20068,425,139820,54216,94638,86712345,649599,America/Los Angeles,147512.21231776843,4467.917969240102,True
358,Everett,Snohomish County,WA,Washington,City,47.97898,-122.20208,425,108010,42079,49578,86145342,38944936,America/Los Angeles,124607.49009552572,12266.049806278315,True
359,Kent,King County,WA,Washington,City,47.38093,-122.23484,253,126952,42233,60191,87393046,1737187,America/Los Angeles,187150.370025558,7732.949317028268,True
360,Renton,King County,WA,Washington,City,47.48288,-122.21707,425,100242,37994,64802,60663567,511360,America/Los Angeles,90174.29893299229,10257.32650362787,True
361,Seattle,King County,WA,Washington,City,47.60621,-122.33207,206,684451,296633,70594,217138889,152104725,America/Los Angeles,308537.58803117095,13858.479995733427,True
362,Spokane,Spokane County,WA,Washington,City,47.65878,-117.42605,509,213272,87623,42386,178034003,1984449,America/Los Angeles,147655.29826837324,9983.511644282054,True
363,Tacoma,Pierce County,WA,Washington,City,47.25288,-122.44429,253,207948,79026,52042,128821146,32854483,America/Los Angeles,233040.82753922863,18351.96516871426,True
364,Vancouver,Clark County,WA,Washington,City,45.63873,-122.66149,360,172860,66417,50626,121557343,9484341,America/Los Angeles,146190.4469798102,8794.269076129207,True
365,Green Bay,Brown County,WI,Wisconsin,City,44.51916,-88.01983,920,105207,42308,42826,117673093,27054147,America/Chicago,176862.92513746556,8283.947302394528,True
366,Madison,Dane County,WI,Wisconsin,City,43.07305,-89.40123,608,248951,104087,54896,199339279,44491310,America/Chicago,199598.2900394382,12973.888852563485,True
367,Milwaukee,Milwaukee County/Washington County/Waukesha County,WI,Wisconsin,City,43.06335,-87.9667,414,600155,230807,35958,249128870,1720458,America/Chicago,188398.37403736677,8901.823173265579,True
50,Moreno Valley (cost restated),Riverside County,CA,California,City,33.93752,-117.23059,951,204198,51693,54590,132800801,504194,America/Los Angeles,156231.69780054866,127817.0577630739,False
